,0
0,-1.0
1,0.0
2,-2.0
3,0.0
4,0.0
5,0.0
6,0.0
7,3.0
8,-1.0
9,-3.0
10,-2.0
11,-1.0
12,-12.0
13,0.0
14,8.0
15,2.0
16,-5.0
17,-5.0
18,-1.0
19,-2.0
20,-2.0
21,0.0
22,-2.0
23,-1.0
24,-5.0
25,8.0
26,0.0
27,-3.0
28,0.0
29,0.0
30,0.0
31,0.0
32,-1.0
33,0.0
34,-11.0
35,-1.0
36,0.0
37,0.0
38,-2.0
39,0.0
40,0.0
41,-1.0
42,0.0
43,-3.0
44,1.0
45,0.0
46,-1.0
47,-1.0
48,-4.0
49,0.0
50,-1.0
51,-1.0
52,0.0
53,-10.0
54,0.0
55,1.0
56,0.0
57,-1.0
58,-3.0
59,-2.0
60,-5.0
61,-5.0
62,0.0
63,-1.0
64,0.0
65,-2.0
66,15.0
67,-2.0
68,-2.0
69,-1.0
70,-5.0
71,0.0
72,-1.0
73,-1.0
74,-5.0
75,0.0
76,-1.0
77,0.0
78,1.0
79,-1.0
80,0.0
81,4.0
82,2.0
83,2.0
84,0.0
85,1.0
86,1.0
87,-2.0
88,-3.0
89,-2.0
90,-1.0
91,0.0
92,0.0
93,0.0
94,0.0
95,-4.0
96,1.0
97,6.0
98,3.0
99,-1.0
100,0.0
101,-9.0
102,-1.0
103,0.0
104,8.0
105,-1.0
106,12.0
107,0.0
108,0.0
109,4.0
110,-1.0
111,0.0
112,-3.0
113,0.0
114,8.0
115,0.0
116,0.0
117,0.0
118,0.0
119,0.0
120,2.0
121,1.0
122,1.0
123,-1.0
124,0.0
125,1.0
126,0.0
127,11.0
128,0.0
129,0.0
130,-3.0
131,-3.0
132,4.0
133,1.0
134,0.0
135,-1.0
136,-1.0
137,0.0
138,1.0
139,-17.0
140,-6.0
141,-2.0
142,-1.0
143,0.0
144,0.0
145,1.0
146,-7.0
147,0.0
148,-2.0
149,0.0
150,0.0
151,0.0
152,-1.0
153,-1.0
154,-1.0
155,-6.0
156,0.0
157,0.0
158,0.0
159,0.0
160,4.0
161,8.0
162,-6.0
163,0.0
164,-1.0
165,-1.0
166,2.0
167,-1.0
168,-1.0
169,2.0
170,-1.0
171,-2.0
172,-2.0
173,2.0
174,5.0
175,-1.0
176,4.0
177,0.0
178,-1.0
179,-2.0
180,7.0
181,1.0
182,0.0
183,0.0
184,0.0
185,1.0
186,2.0
187,0.0
188,1.0
189,-14.0
190,-1.0
191,0.0
192,1.0
193,0.0
194,-2.0
195,-3.0
196,0.0
197,-1.0
198,2.0
199,0.0
200,-2.0
201,-1.0
202,-2.0
203,0.0
204,-1.0
205,-11.0
206,0.0
207,-1.0
208,1.0
209,4.0
210,0.0
211,0.0
212,1.0
213,3.0
214,-25.0
215,-1.0
216,9.0
217,-1.0
218,0.0
219,2.0
220,0.0
221,0.0
222,0.0
223,0.0
224,4.0
225,-4.0
226,8.0
227,0.0
228,0.0
229,4.0
230,0.0
231,0.0
232,0.0
233,-2.0
234,-3.0
235,-2.0
236,1.0
237,-1.0
238,4.0
239,1.0
240,-1.0
241,1.0
242,-1.0
243,0.0
244,0.0
245,-1.0
246,7.0
247,-1.0
248,0.0
249,2.0
250,0.0
251,0.0
252,-4.0
253,0.0
254,-1.0
255,-2.0
256,0.0
257,-4.0
258,1.0
259,-2.0
260,0.0
261,-3.0
262,0.0
263,0.0
264,0.0
265,-1.0
266,0.0
267,-5.0
268,0.0
269,7.0
270,0.0
271,0.0
272,0.0
273,3.0
274,1.0
275,0.0
276,1.0
277,-1.0
278,1.0
279,-1.0
280,-1.0
281,6.0
282,0.0
283,0.0
284,0.0
285,1.0
286,-4.0
287,4.0
288,14.0
289,1.0
290,1.0
291,9.0
292,-1.0
293,-3.0
294,1.0
295,-13.0
296,-1.0
297,-3.0
298,1.0
299,0.0
300,-11.0
301,-6.0
302,2.0
303,-2.0
304,1.0
305,-3.0
306,1.0
307,0.0
308,5.0
309,1.0
310,-4.0
311,0.0
312,-4.0
313,5.0
314,-3.0
315,0.0
316,0.0
317,-1.0
318,2.0
319,12.0
320,-1.0
321,0.0
322,-3.0
323,3.0
324,3.0
325,1.0
326,0.0
327,-1.0
328,-12.0
329,-4.0
330,0.0
331,3.0
332,-1.0
333,1.0
334,3.0
335,-1.0
336,-1.0
337,-1.0
338,-27.0
339,0.0
340,-1.0
341,0.0
342,2.0
343,-1.0
344,-1.0
345,1.0
346,0.0
347,0.0
348,16.0
349,-1.0
350,0.0
351,-1.0
352,-6.0
353,0.0
354,-1.0
355,-1.0
356,-7.0
357,1.0
358,0.0
359,-2.0
360,0.0
361,0.0
362,7.0
363,0.0
364,-9.0
365,11.0
366,-1.0
367,-2.0
368,0.0
369,1.0
370,0.0
371,0.0
372,0.0
373,-1.0
374,3.0
375,-1.0
376,0.0
377,0.0
378,-3.0
379,-10.0
380,1.0
381,0.0
382,0.0
383,-1.0
384,1.0
385,2.0
386,-1.0
387,-1.0
388,-1.0
389,1.0
390,-1.0
391,-7.0
392,0.0
393,0.0
394,3.0
395,-4.0
396,-1.0
397,0.0
398,7.0
399,10.0
400,0.0
401,-5.0
402,0.0
403,2.0
404,1.0
405,-1.0
406,-1.0
407,-3.0
408,1.0
409,-5.0
410,-1.0
411,0.0
412,3.0
413,-2.0
414,0.0
415,1.0
416,0.0
417,5.0
418,0.0
419,-2.0
420,0.0
421,0.0
422,0.0
423,0.0
424,2.0
425,0.0
426,-3.0
427,0.0
428,1.0
429,0.0
430,0.0
431,0.0
432,-1.0
433,2.0
434,1.0
435,3.0
436,-1.0
437,0.0
438,-1.0
439,8.0
440,0.0
441,-1.0
442,1.0
443,-10.0
444,-1.0
445,6.0
446,-1.0
447,0.0
448,6.0
449,-2.0
450,-1.0
451,-2.0
452,1.0
453,-1.0
454,-1.0
455,-23.0
456,0.0
457,-5.0
458,-4.0
459,-2.0
460,-1.0
461,8.0
462,-7.0
463,1.0
464,5.0
465,0.0
466,0.0
467,17.0
468,1.0
469,-1.0
470,1.0
471,-7.0
472,2.0
473,0.0
474,2.0
475,0.0
476,0.0
477,6.0
478,-1.0
479,0.0
480,0.0
481,-1.0
482,0.0
483,8.0
484,-1.0
485,-3.0
486,6.0
487,-10.0
488,-3.0
489,6.0
490,1.0
491,0.0
492,-3.0
493,3.0
494,9.0
495,3.0
496,-1.0
497,-6.0
498,-6.0
499,7.0
500,0.0
501,0.0
502,5.0
503,6.0
504,-1.0
505,-1.0
506,1.0
507,2.0
508,0.0
509,-9.0
510,7.0
511,-27.0
512,3.0
513,3.0
514,3.0
515,-1.0
516,0.0
517,0.0
518,16.0
519,0.0
520,-3.0
521,1.0
522,1.0
523,0.0
524,1.0
525,-3.0
526,-6.0
527,3.0
528,-2.0
529,-1.0
530,-1.0
531,-2.0
532,-17.0
533,1.0
534,3.0
535,0.0
536,0.0
537,-7.0
538,1.0
539,0.0
540,-1.0
541,-1.0
542,-1.0
543,6.0
544,2.0
545,-1.0
546,0.0
547,-1.0
548,2.0
549,-1.0
550,1.0
551,6.0
552,0.0
553,4.0
554,-20.0
555,-1.0
556,-1.0
557,-34.0
558,0.0
559,-1.0
560,0.0
561,2.0
562,1.0
563,1.0
564,-1.0
565,-1.0
566,1.0
567,1.0
568,-17.0
569,2.0
570,4.0
571,5.0
572,0.0
573,3.0
574,0.0
575,4.0
576,-26.0
577,0.0
578,-4.0
579,-23.0
580,0.0
581,-1.0
582,0.0
583,3.0
584,-1.0
585,0.0
586,7.0
587,2.0
588,-1.0
589,0.0
590,-1.0
591,0.0
592,-8.0
593,3.0
594,-1.0
595,1.0
596,-14.0
597,1.0
598,0.0
599,3.0
600,-16.0
601,-1.0
602,0.0
603,-1.0
604,2.0
605,1.0
606,1.0
607,1.0
608,-1.0
609,-2.0
610,-2.0
611,0.0
612,0.0
613,0.0
614,-1.0
615,-1.0
616,-12.0
617,-1.0
618,-1.0
619,-1.0
620,0.0
621,-1.0
622,0.0
623,2.0
624,0.0
625,0.0
626,-3.0
627,0.0
628,-1.0
629,8.0
630,-1.0
631,-3.0
632,-1.0
633,1.0
634,1.0
635,-1.0
636,-4.0
637,-2.0
638,-1.0
639,1.0
640,1.0
641,3.0
642,-5.0
643,-1.0
644,-1.0
645,-2.0
646,-2.0
647,-1.0
648,-1.0
649,-1.0
650,-1.0
651,4.0
652,0.0
653,-7.0
654,-2.0
655,-1.0
656,-1.0
657,14.0
658,0.0
659,-2.0
660,0.0
661,1.0
662,0.0
663,0.0
664,-1.0
665,-3.0
666,12.0
667,0.0
668,-3.0
669,1.0
670,0.0
671,-3.0
672,0.0
673,15.0
674,0.0
675,0.0
676,0.0
677,0.0
678,6.0
679,-1.0
680,-10.0
681,15.0
682,-9.0
683,0.0
684,-1.0
685,1.0
686,0.0
687,0.0
688,1.0
689,-2.0
690,3.0
691,-1.0
692,0.0
693,1.0
694,-5.0
695,-2.0
696,-1.0
697,-2.0
698,-13.0
699,3.0
700,1.0
701,1.0
702,2.0
703,0.0
704,1.0
705,-1.0
706,-1.0
707,4.0
708,0.0
709,5.0
710,-1.0
711,1.0
712,-1.0
713,-1.0
714,0.0
715,0.0
716,0.0
717,0.0
718,1.0
719,-18.0
720,3.0
721,0.0
722,-2.0
723,5.0
724,4.0
725,0.0
726,9.0
727,1.0
728,-1.0
729,-12.0
730,-1.0
731,0.0
732,10.0
733,-2.0
734,-1.0
735,-2.0
736,-3.0
737,0.0
738,-1.0
739,1.0
740,0.0
741,-1.0
742,1.0
743,-3.0
744,-1.0
745,1.0
746,0.0
747,-1.0
748,1.0
749,-1.0
750,-1.0
751,0.0
752,-2.0
753,2.0
754,0.0
755,0.0
756,-13.0
757,11.0
758,0.0
759,0.0
760,0.0
761,-3.0
762,-1.0
763,1.0
764,-10.0
765,1.0
766,4.0
767,2.0
768,0.0
769,-1.0
770,0.0
771,2.0
772,0.0
773,0.0
774,-1.0
775,0.0
776,6.0
777,-1.0
778,-1.0
779,0.0
780,0.0
781,-1.0
782,1.0
783,3.0
784,1.0
785,6.0
786,-5.0
787,-1.0
788,-1.0
789,0.0
790,-1.0
791,-1.0
792,-2.0
793,0.0
794,0.0
795,1.0
796,15.0
797,-2.0
798,0.0
799,-1.0
800,0.0
801,-1.0
802,-2.0
803,4.0
804,-1.0
805,4.0
806,0.0
807,-1.0
808,-2.0
809,-1.0
810,0.0
811,-1.0
812,-2.0
813,-13.0
814,-1.0
815,-1.0
816,-1.0
817,4.0
818,16.0
819,-1.0
820,-2.0
821,0.0
822,0.0
823,1.0
824,-1.0
825,0.0
826,-2.0
827,9.0
828,2.0
829,-1.0
830,1.0
831,-1.0
832,-1.0
833,0.0
834,-4.0
835,0.0
836,7.0
837,6.0
838,-2.0
839,0.0
840,-5.0
841,-10.0
842,-2.0
843,0.0
844,-1.0
845,1.0
846,1.0
847,0.0
848,2.0
849,0.0
850,0.0
851,16.0
852,1.0
853,0.0
854,-2.0
855,5.0
856,-4.0
857,0.0
858,5.0
859,0.0
860,1.0
861,0.0
862,1.0
863,0.0
864,3.0
865,-10.0
866,0.0
867,-2.0
868,0.0
869,-1.0
870,0.0
871,3.0
872,1.0
873,3.0
874,0.0
875,6.0
876,0.0
877,-2.0
878,0.0
879,4.0
880,4.0
881,-3.0
882,0.0
883,0.0
884,-10.0
885,-2.0
886,0.0
887,-1.0
888,0.0
889,0.0
890,-3.0
891,-1.0
892,2.0
893,-12.0
894,0.0
895,-1.0
896,0.0
897,5.0
898,-1.0
899,0.0
900,-1.0
901,0.0
902,-3.0
903,0.0
904,-26.0
905,-2.0
906,9.0
907,-1.0
908,0.0
909,0.0
910,-1.0
911,-5.0
912,1.0
913,0.0
914,0.0
915,0.0
916,-7.0
917,0.0
918,0.0
919,-1.0
920,-1.0
921,0.0
922,-1.0
923,12.0
924,-1.0
925,3.0
926,3.0
927,0.0
928,-1.0
929,0.0
930,0.0
931,-2.0
932,-2.0
933,1.0
934,-20.0
935,0.0
936,0.0
937,0.0
938,1.0
939,0.0
940,-1.0
941,3.0
942,1.0
943,0.0
944,-1.0
945,-1.0
946,0.0
947,0.0
948,-19.0
949,1.0
950,-1.0
951,0.0
952,0.0
953,0.0
954,-2.0
955,0.0
956,3.0
957,-1.0
958,-1.0
959,0.0
960,0.0
961,0.0
962,0.0
963,1.0
964,0.0
965,-1.0
966,0.0
967,-6.0
968,-1.0
969,-1.0
970,0.0
971,0.0
972,-1.0
973,0.0
974,7.0
975,0.0
976,-4.0
977,1.0
978,-1.0
979,0.0
980,-1.0
981,-4.0
982,-2.0
983,-1.0
984,0.0
985,4.0
986,-11.0
987,2.0
988,1.0
989,-3.0
990,-1.0
991,-1.0
992,0.0
993,0.0
994,0.0
995,2.0
996,0.0
997,-2.0
998,3.0
999,-1.0
1000,-1.0
1001,0.0
1002,-2.0
1003,0.0
1004,0.0
1005,0.0
1006,0.0
1007,0.0
1008,2.0
1009,0.0
1010,-1.0
1011,0.0
1012,-1.0
1013,-1.0
1014,1.0
1015,-2.0
1016,0.0
1017,0.0
1018,-1.0
1019,0.0
1020,7.0
1021,0.0
1022,0.0
1023,-3.0
1024,-1.0
1025,-1.0
1026,8.0
1027,-3.0
1028,-1.0
1029,0.0
1030,-20.0
1031,-2.0
1032,13.0
1033,-6.0
1034,3.0
1035,0.0
1036,0.0
1037,0.0
1038,1.0
1039,3.0
1040,0.0
1041,0.0
1042,-4.0
1043,-1.0
1044,0.0
1045,0.0
1046,-1.0
1047,0.0
1048,2.0
1049,11.0
1050,0.0
1051,-1.0
1052,4.0
1053,-2.0
1054,1.0
1055,-4.0
1056,-1.0
1057,0.0
1058,1.0
1059,0.0
1060,0.0
1061,-7.0
1062,-1.0
1063,-1.0
1064,1.0
1065,-3.0
1066,1.0
1067,-8.0
1068,-2.0
1069,-1.0
1070,-1.0
1071,7.0
1072,0.0
1073,9.0
1074,1.0
1075,0.0
1076,0.0
1077,-2.0
1078,0.0
1079,3.0
1080,0.0
1081,2.0
1082,-1.0
1083,-1.0
1084,-3.0
1085,-2.0
1086,-1.0
1087,1.0
1088,5.0
1089,0.0
1090,0.0
1091,-1.0
1092,0.0
1093,0.0
1094,6.0
1095,4.0
1096,0.0
1097,1.0
1098,0.0
1099,4.0
1100,0.0
1101,-1.0
1102,-1.0
1103,0.0
1104,-7.0
1105,0.0
1106,1.0
1107,-1.0
1108,-3.0
1109,3.0
1110,0.0
1111,0.0
1112,1.0
1113,-1.0
1114,0.0
1115,4.0
1116,0.0
1117,0.0
1118,-1.0
1119,0.0
1120,-1.0
1121,0.0
1122,1.0
1123,-1.0
1124,-1.0
1125,2.0
1126,-1.0
1127,0.0
1128,14.0
1129,1.0
1130,-2.0
1131,6.0
1132,-2.0
1133,2.0
1134,0.0
1135,-1.0
1136,0.0
1137,2.0
1138,0.0
1139,1.0
1140,-1.0
1141,-1.0
1142,0.0
1143,0.0
1144,0.0
1145,6.0
1146,0.0
1147,9.0
1148,0.0
1149,12.0
1150,-1.0
1151,3.0
1152,0.0
1153,0.0
1154,1.0
1155,-21.0
1156,0.0
1157,1.0
1158,0.0
1159,-1.0
1160,1.0
1161,0.0
1162,0.0
1163,0.0
1164,2.0
1165,0.0
1166,0.0
1167,-1.0
1168,0.0
1169,-1.0
1170,6.0
1171,0.0
1172,0.0
1173,0.0
1174,0.0
1175,-13.0
1176,-1.0
1177,-1.0
1178,-2.0
1179,0.0
1180,-13.0
1181,-1.0
1182,-1.0
1183,2.0
1184,-2.0
1185,7.0
1186,-5.0
1187,-1.0
1188,3.0
1189,0.0
1190,-1.0
1191,0.0
1192,0.0
1193,0.0
1194,1.0
1195,0.0
1196,1.0
1197,-1.0
1198,0.0
1199,0.0
1200,1.0
1201,0.0
1202,-1.0
1203,0.0
1204,1.0
1205,1.0
1206,-2.0
1207,1.0
1208,-1.0
1209,1.0
1210,1.0
1211,0.0
1212,-16.0
1213,0.0
1214,0.0
1215,0.0
1216,0.0
1217,-1.0
1218,-4.0
1219,-4.0
1220,3.0
1221,-2.0
1222,-8.0
1223,0.0
1224,-1.0
1225,5.0
1226,-1.0
1227,-5.0
1228,-30.0
1229,0.0
1230,4.0
1231,0.0
1232,0.0
1233,-1.0
1234,-2.0
1235,0.0
1236,15.0
1237,1.0
1238,0.0
1239,1.0
1240,-1.0
1241,0.0
1242,-1.0
1243,-6.0
1244,0.0
1245,-10.0
1246,-2.0
1247,-1.0
1248,-1.0
1249,0.0
1250,2.0
1251,-1.0
1252,-1.0
1253,0.0
1254,-1.0
1255,0.0
1256,0.0
1257,6.0
1258,-13.0
1259,0.0
1260,-1.0
1261,-1.0
1262,0.0
1263,0.0
1264,0.0
1265,-5.0
1266,0.0
1267,0.0
1268,-4.0
1269,-1.0
1270,-2.0
1271,8.0
1272,-1.0
1273,0.0
1274,0.0
1275,-11.0
1276,0.0
1277,-15.0
1278,-1.0
1279,-5.0
1280,-1.0
1281,-1.0
1282,-15.0
1283,-1.0
1284,0.0
1285,-2.0
1286,3.0
1287,1.0
1288,-1.0
1289,-1.0
1290,0.0
1291,-1.0
1292,-2.0
1293,-8.0
1294,-1.0
1295,-6.0
1296,2.0
1297,2.0
1298,1.0
1299,-1.0
1300,0.0
1301,0.0
1302,-1.0
1303,0.0
1304,2.0
1305,-1.0
1306,0.0
1307,-1.0
1308,-1.0
1309,2.0
1310,-1.0
1311,3.0
1312,-1.0
1313,-7.0
1314,1.0
1315,-1.0
1316,0.0
1317,-2.0
1318,1.0
1319,1.0
1320,0.0
1321,0.0
1322,0.0
1323,-1.0
1324,-5.0
1325,0.0
1326,6.0
1327,-1.0
1328,-17.0
1329,-1.0
1330,0.0
1331,0.0
1332,-10.0
1333,-1.0
1334,3.0
1335,0.0
1336,0.0
1337,3.0
1338,-1.0
1339,0.0
1340,6.0
1341,0.0
1342,-2.0
1343,0.0
1344,1.0
1345,2.0
1346,3.0
1347,2.0
1348,1.0
1349,-6.0
1350,4.0
1351,-3.0
1352,2.0
1353,0.0
1354,0.0
1355,-1.0
1356,0.0
1357,-1.0
1358,-22.0
1359,-11.0
1360,0.0
1361,0.0
1362,-1.0
1363,0.0
1364,10.0
1365,-1.0
1366,0.0
1367,-1.0
1368,1.0
1369,1.0
1370,0.0
1371,12.0
1372,10.0
1373,2.0
1374,0.0
1375,8.0
1376,-6.0
1377,-5.0
1378,6.0
1379,-3.0
1380,-3.0
1381,1.0
1382,-1.0
1383,-1.0
1384,0.0
1385,4.0
1386,1.0
1387,-4.0
1388,14.0
1389,1.0
1390,0.0
1391,-1.0
1392,-4.0
1393,8.0
1394,1.0
1395,0.0
1396,-1.0
1397,0.0
1398,1.0
1399,0.0
1400,6.0
1401,0.0
1402,4.0
1403,-1.0
1404,-2.0
1405,0.0
1406,1.0
1407,-16.0
1408,2.0
1409,-1.0
1410,-1.0
1411,-1.0
1412,0.0
1413,0.0
1414,2.0
1415,-3.0
1416,-1.0
1417,-2.0
1418,10.0
1419,-1.0
1420,1.0
1421,1.0
1422,0.0
1423,9.0
1424,-13.0
1425,-1.0
1426,1.0
1427,-1.0
1428,2.0
1429,7.0
1430,-2.0
1431,-1.0
1432,0.0
1433,0.0
1434,0.0
1435,-1.0
1436,-1.0
1437,0.0
1438,-7.0
1439,2.0
1440,0.0
1441,0.0
1442,0.0
1443,-3.0
1444,3.0
1445,-2.0
1446,0.0
1447,-1.0
1448,0.0
1449,0.0
1450,-2.0
1451,-2.0
1452,-1.0
1453,0.0
1454,-1.0
1455,-1.0
1456,-1.0
1457,-1.0
1458,2.0
1459,0.0
1460,0.0
1461,3.0
1462,9.0
1463,-3.0
1464,-1.0
1465,5.0
1466,-2.0
1467,1.0
1468,0.0
1469,0.0
1470,0.0
1471,-7.0
1472,-2.0
1473,0.0
1474,0.0
1475,-2.0
1476,-1.0
1477,-1.0
1478,0.0
1479,-14.0
1480,-4.0
1481,2.0
1482,-4.0
1483,-1.0
1484,1.0
1485,5.0
1486,0.0
1487,0.0
1488,2.0
1489,0.0
1490,2.0
1491,-3.0
1492,-2.0
1493,0.0
1494,-1.0
1495,-12.0
1496,-1.0
1497,-1.0
1498,1.0
1499,-1.0
1500,-10.0
1501,0.0
1502,0.0
1503,0.0
1504,-16.0
1505,-1.0
1506,-5.0
1507,0.0
1508,0.0
1509,1.0
1510,0.0
1511,-4.0
1512,-2.0
1513,-1.0
1514,0.0
1515,0.0
1516,0.0
1517,-1.0
1518,2.0
1519,1.0
1520,-1.0
1521,0.0
1522,7.0
1523,4.0
1524,-6.0
1525,1.0
1526,-1.0
1527,0.0
1528,0.0
1529,-1.0
1530,2.0
1531,0.0
1532,-13.0
1533,1.0
1534,1.0
1535,0.0
1536,4.0
1537,-2.0
1538,0.0
1539,5.0
1540,-1.0
1541,-1.0
1542,0.0
1543,-1.0
1544,-1.0
1545,0.0
1546,-10.0
1547,5.0
1548,1.0
1549,0.0
1550,12.0
1551,-3.0
1552,2.0
1553,0.0
1554,6.0
1555,-3.0
1556,8.0
1557,0.0
1558,-19.0
1559,0.0
1560,1.0
1561,-1.0
1562,0.0
1563,0.0
1564,1.0
1565,-5.0
1566,-1.0
1567,14.0
1568,-1.0
1569,-3.0
1570,-1.0
1571,-2.0
1572,0.0
1573,-1.0
1574,0.0
1575,12.0
1576,-4.0
1577,0.0
1578,0.0
1579,0.0
1580,-4.0
1581,-1.0
1582,0.0
1583,3.0
1584,6.0
1585,0.0
1586,-7.0
1587,0.0
1588,-15.0
1589,0.0
1590,3.0
1591,4.0
1592,14.0
1593,1.0
1594,-5.0
1595,1.0
1596,-1.0
1597,1.0
1598,0.0
1599,-25.0
1600,-18.0
1601,0.0
1602,-2.0
1603,0.0
1604,0.0
1605,0.0
1606,-21.0
1607,-3.0
1608,0.0
1609,2.0
1610,-1.0
1611,-1.0
1612,0.0
1613,0.0
1614,1.0
1615,0.0
1616,0.0
1617,1.0
1618,3.0
1619,10.0
1620,0.0
1621,2.0
1622,-2.0
1623,0.0
1624,0.0
1625,-2.0
1626,0.0
1627,-1.0
1628,-4.0
1629,1.0
1630,7.0
1631,0.0
1632,8.0
1633,-1.0
1634,0.0
1635,-1.0
1636,-1.0
1637,0.0
1638,4.0
1639,0.0
1640,11.0
1641,0.0
1642,-9.0
1643,-1.0
1644,-1.0
1645,3.0
1646,1.0
1647,-1.0
1648,0.0
1649,-2.0
1650,0.0
1651,0.0
1652,-10.0
1653,0.0
1654,8.0
1655,0.0
1656,-17.0
1657,-2.0
1658,0.0
1659,-2.0
1660,-9.0
1661,0.0
1662,0.0
1663,-19.0
1664,-1.0
1665,1.0
1666,-2.0
1667,0.0
1668,1.0
1669,0.0
1670,0.0
1671,0.0
1672,-1.0
1673,8.0
1674,-1.0
1675,3.0
1676,0.0
1677,-1.0
1678,-4.0
1679,1.0
1680,8.0
1681,0.0
1682,-4.0
1683,-6.0
1684,-2.0
1685,-1.0
1686,2.0
1687,2.0
1688,-1.0
1689,6.0
1690,2.0
1691,-1.0
1692,0.0
1693,-4.0
1694,1.0
1695,10.0
1696,-2.0
1697,-6.0
1698,0.0
1699,0.0
1700,0.0
1701,1.0
1702,1.0
1703,2.0
1704,0.0
1705,-3.0
1706,-2.0
1707,0.0
1708,9.0
1709,3.0
1710,-2.0
1711,0.0
1712,-1.0
1713,-1.0
1714,0.0
1715,0.0
1716,-4.0
1717,-3.0
1718,-7.0
1719,1.0
1720,0.0
1721,-1.0
1722,-1.0
1723,0.0
1724,-4.0
1725,-4.0
1726,0.0
1727,1.0
1728,0.0
1729,1.0
1730,2.0
1731,-1.0
1732,-14.0
1733,-3.0
1734,-1.0
1735,-1.0
1736,0.0
1737,-1.0
1738,-1.0
1739,2.0
1740,0.0
1741,-2.0
1742,2.0
1743,1.0
1744,0.0
1745,-5.0
1746,0.0
1747,0.0
1748,-1.0
1749,0.0
1750,8.0
1751,3.0
1752,0.0
1753,-4.0
1754,1.0
1755,-12.0
1756,0.0
1757,-2.0
1758,-1.0
1759,-1.0
1760,-3.0
1761,-12.0
1762,-13.0
1763,0.0
1764,-1.0
1765,0.0
1766,1.0
1767,0.0
1768,-1.0
1769,-6.0
1770,-1.0
1771,-18.0
1772,1.0
1773,0.0
1774,0.0
1775,4.0
1776,16.0
1777,-2.0
1778,0.0
1779,0.0
1780,0.0
1781,-1.0
1782,0.0
1783,1.0
1784,0.0
1785,-3.0
1786,-1.0
1787,3.0
1788,0.0
1789,-2.0
1790,0.0
1791,-4.0
1792,0.0
1793,3.0
1794,14.0
1795,-1.0
1796,1.0
1797,-1.0
1798,0.0
1799,0.0
1800,0.0
1801,0.0
1802,1.0
1803,1.0
1804,-5.0
1805,-11.0
1806,1.0
1807,1.0
1808,0.0
1809,5.0
1810,0.0
1811,-1.0
1812,1.0
1813,-22.0
1814,0.0
1815,0.0
1816,0.0
1817,0.0
1818,1.0
1819,1.0
1820,0.0
1821,-11.0
1822,-9.0
1823,2.0
1824,0.0
1825,0.0
1826,0.0
1827,-1.0
1828,-1.0
1829,1.0
1830,0.0
1831,-9.0
1832,-1.0
1833,0.0
1834,-2.0
1835,0.0
1836,-1.0
1837,-4.0
1838,-2.0
1839,-1.0
1840,0.0
1841,0.0
1842,1.0
1843,1.0
1844,2.0
1845,-1.0
1846,-1.0
1847,0.0
1848,-1.0
1849,0.0
1850,0.0
1851,0.0
1852,0.0
1853,-4.0
1854,0.0
1855,9.0
1856,-1.0
1857,-6.0
1858,0.0
1859,-5.0
1860,-7.0
1861,-17.0
1862,1.0
1863,-10.0
1864,-1.0
1865,-1.0
1866,1.0
1867,-1.0
1868,0.0
1869,-7.0
1870,-7.0
1871,0.0
1872,1.0
1873,-2.0
1874,0.0
1875,-2.0
1876,1.0
1877,-3.0
1878,2.0
1879,0.0
1880,7.0
1881,-10.0
1882,-1.0
1883,-4.0
1884,1.0
1885,0.0
1886,6.0
1887,0.0
1888,-1.0
1889,0.0
1890,0.0
1891,-4.0
1892,-1.0
1893,3.0
1894,-2.0
1895,-1.0
1896,-1.0
1897,0.0
1898,0.0
1899,-1.0
1900,0.0
1901,0.0
1902,0.0
1903,-3.0
1904,0.0
1905,3.0
1906,0.0
1907,-2.0
1908,-13.0
1909,-7.0
1910,0.0
1911,2.0
1912,1.0
1913,-7.0
1914,0.0
1915,3.0
1916,-1.0
1917,-1.0
1918,0.0
1919,-1.0
1920,5.0
1921,0.0
1922,-8.0
1923,13.0
1924,-3.0
1925,0.0
1926,-1.0
1927,-10.0
1928,-1.0
1929,-14.0
1930,-2.0
1931,-3.0
1932,-1.0
1933,-1.0
1934,4.0
1935,-8.0
1936,14.0
1937,0.0
1938,-1.0
1939,-2.0
1940,-2.0
1941,-6.0
1942,1.0
1943,0.0
1944,0.0
1945,8.0
1946,0.0
1947,3.0
1948,9.0
1949,0.0
1950,3.0
1951,15.0
1952,-1.0
1953,-1.0
1954,5.0
1955,0.0
1956,2.0
1957,1.0
1958,0.0
1959,0.0
1960,-1.0
1961,0.0
1962,3.0
1963,0.0
1964,-1.0
1965,5.0
1966,-3.0
1967,-13.0
1968,1.0
1969,-1.0
1970,0.0
1971,-4.0
1972,0.0
1973,-1.0
1974,1.0
1975,-1.0
1976,0.0
1977,1.0
1978,0.0
1979,2.0
1980,-18.0
1981,1.0
1982,-1.0
1983,1.0
1984,-1.0
1985,-1.0
1986,0.0
1987,-6.0
1988,-1.0
1989,-1.0
1990,1.0
1991,1.0
1992,0.0
1993,0.0
1994,0.0
1995,-13.0
1996,0.0
1997,-1.0
1998,1.0
1999,0.0
2000,0.0
2001,9.0
2002,-1.0
2003,2.0
2004,0.0
2005,0.0
2006,6.0
2007,-18.0
2008,3.0
2009,0.0
2010,-1.0
2011,0.0
2012,-3.0
2013,1.0
2014,-1.0
2015,-1.0
2016,12.0
2017,0.0
2018,0.0
2019,0.0
2020,0.0
2021,-1.0
2022,0.0
2023,0.0
2024,-3.0
2025,0.0
2026,0.0
2027,-4.0
2028,-1.0
2029,-3.0
2030,-1.0
2031,3.0
2032,-2.0
2033,0.0
2034,0.0
2035,-1.0
2036,0.0
2037,1.0
2038,-1.0
2039,0.0
2040,-7.0
2041,1.0
2042,1.0
2043,3.0
2044,-4.0
2045,2.0
2046,0.0
2047,-1.0
2048,5.0
2049,2.0
2050,0.0
2051,6.0
2052,-11.0
2053,-1.0
2054,-1.0
2055,0.0
2056,18.0
2057,-5.0
2058,0.0
2059,0.0
2060,-1.0
2061,0.0
2062,0.0
2063,1.0
2064,-1.0
2065,-1.0
2066,0.0
2067,-2.0
2068,4.0
2069,3.0
2070,0.0
2071,-2.0
2072,0.0
2073,-1.0
2074,-1.0
2075,0.0
2076,-1.0
2077,-5.0
2078,0.0
2079,-4.0
2080,0.0
2081,-1.0
2082,-1.0
2083,-4.0
2084,-2.0
2085,0.0
2086,0.0
2087,-1.0
2088,-1.0
2089,0.0
2090,5.0
2091,-12.0
2092,-1.0
2093,-1.0
2094,-15.0
2095,-1.0
2096,1.0
2097,0.0
2098,-9.0
2099,20.0
2100,0.0
2101,-8.0
2102,3.0
2103,0.0
2104,4.0
2105,0.0
2106,-1.0
2107,-2.0
2108,0.0
2109,-3.0
2110,-1.0
2111,2.0
2112,2.0
2113,-1.0
2114,1.0
2115,0.0
2116,-8.0
2117,1.0
2118,0.0
2119,-1.0
2120,-1.0
2121,0.0
2122,0.0
2123,-10.0
2124,0.0
2125,4.0
2126,-1.0
2127,-3.0
2128,2.0
2129,-1.0
2130,0.0
2131,-2.0
2132,-10.0
2133,3.0
2134,1.0
2135,2.0
2136,0.0
2137,1.0
2138,-1.0
2139,0.0
2140,-1.0
2141,-10.0
2142,1.0
2143,-6.0
2144,-1.0
2145,-1.0
2146,0.0
2147,-1.0
2148,-1.0
2149,2.0
2150,0.0
2151,4.0
2152,-3.0
2153,-2.0
2154,0.0
2155,1.0
2156,0.0
2157,4.0
2158,2.0
2159,0.0
2160,4.0
2161,-1.0
2162,0.0
2163,0.0
2164,-1.0
2165,0.0
2166,0.0
2167,7.0
2168,-5.0
2169,-9.0
2170,0.0
2171,-2.0
2172,0.0
2173,-1.0
2174,1.0
2175,-9.0
2176,0.0
2177,1.0
2178,-1.0
2179,1.0
2180,-1.0
2181,0.0
2182,0.0
2183,-4.0
2184,2.0
2185,-1.0
2186,0.0
2187,-10.0
2188,1.0
2189,-7.0
2190,0.0
2191,-1.0
2192,-1.0
2193,0.0
2194,1.0
2195,0.0
2196,-1.0
2197,-1.0
2198,0.0
2199,-2.0
2200,0.0
2201,6.0
2202,-1.0
2203,0.0
2204,0.0
2205,-1.0
2206,-1.0
2207,-1.0
2208,-1.0
2209,-1.0
2210,-1.0
2211,0.0
2212,-1.0
2213,2.0
2214,-1.0
2215,2.0
2216,0.0
2217,1.0
2218,0.0
2219,0.0
2220,4.0
2221,0.0
2222,10.0
2223,0.0
2224,0.0
2225,0.0
2226,2.0
2227,-2.0
2228,9.0
2229,-1.0
2230,0.0
2231,1.0
2232,0.0
2233,0.0
2234,-4.0
2235,6.0
2236,0.0
2237,-1.0
2238,-7.0
2239,1.0
2240,-2.0
2241,-3.0
2242,0.0
2243,-1.0
2244,-14.0
2245,-1.0
2246,-1.0
2247,-1.0
2248,0.0
2249,-1.0
2250,0.0
2251,-4.0
2252,-3.0
2253,-10.0
2254,-1.0
2255,0.0
2256,2.0
2257,-4.0
2258,-5.0
2259,1.0
2260,0.0
2261,0.0
2262,-1.0
2263,0.0
2264,4.0
2265,0.0
2266,-1.0
2267,-1.0
2268,2.0
2269,-2.0
2270,8.0
2271,-1.0
2272,1.0
2273,-1.0
2274,1.0
2275,6.0
2276,0.0
2277,0.0
2278,0.0
2279,-6.0
2280,-2.0
2281,-1.0
2282,-4.0
2283,1.0
2284,1.0
2285,-1.0
2286,0.0
2287,0.0
2288,-1.0
2289,0.0
2290,0.0
2291,0.0
2292,0.0
2293,-1.0
2294,0.0
2295,-1.0
2296,-2.0
2297,0.0
2298,-1.0
2299,6.0
2300,-1.0
2301,-25.0
2302,-1.0
2303,0.0
2304,-3.0
2305,11.0
2306,1.0
2307,0.0
2308,0.0
2309,-1.0
2310,0.0
2311,0.0
2312,0.0
2313,4.0
2314,12.0
2315,-2.0
2316,-4.0
2317,0.0
2318,0.0
2319,0.0
2320,1.0
2321,-2.0
2322,1.0
2323,0.0
2324,-2.0
2325,-6.0
2326,1.0
2327,-1.0
2328,-1.0
2329,1.0
2330,-5.0
2331,0.0
2332,0.0
2333,14.0
2334,5.0
2335,-2.0
2336,-1.0
2337,0.0
2338,-1.0
2339,0.0
2340,0.0
2341,4.0
2342,-1.0
2343,-14.0
2344,-1.0
2345,0.0
2346,0.0
2347,-1.0
2348,0.0
2349,-1.0
2350,0.0
2351,-1.0
2352,0.0
2353,-8.0
2354,6.0
2355,0.0
2356,-1.0
2357,0.0
2358,0.0
2359,1.0
2360,1.0
2361,-1.0
2362,0.0
2363,0.0
2364,0.0
2365,0.0
2366,13.0
2367,-12.0
2368,-8.0
2369,0.0
2370,0.0
2371,0.0
2372,1.0
2373,-1.0
2374,2.0
2375,-2.0
2376,2.0
2377,6.0
2378,-9.0
2379,1.0
2380,-1.0
2381,-4.0
2382,-1.0
2383,-1.0
2384,0.0
2385,0.0
2386,-1.0
2387,-4.0
2388,-4.0
2389,-1.0
2390,-1.0
2391,-1.0
2392,-7.0
2393,-1.0
2394,-1.0
2395,3.0
2396,-1.0
2397,-1.0
2398,0.0
2399,-1.0
2400,-1.0
2401,11.0
2402,-3.0
2403,0.0
2404,-8.0
2405,2.0
2406,0.0
2407,0.0
2408,-1.0
2409,0.0
2410,-2.0
2411,0.0
2412,1.0
2413,-2.0
2414,0.0
2415,0.0
2416,1.0
2417,2.0
2418,1.0
2419,-1.0
2420,0.0
2421,-6.0
2422,3.0
2423,0.0
2424,0.0
2425,0.0
2426,-9.0
2427,-18.0
2428,-1.0
2429,1.0
2430,-4.0
2431,1.0
2432,-1.0
2433,-1.0
2434,2.0
2435,0.0
2436,-1.0
2437,9.0
2438,-1.0
2439,-1.0
2440,0.0
2441,0.0
2442,1.0
2443,0.0
2444,0.0
2445,-1.0
2446,3.0
2447,0.0
2448,7.0
2449,2.0
2450,-1.0
2451,-9.0
2452,-1.0
2453,-1.0
2454,-1.0
2455,-1.0
2456,1.0
2457,0.0
2458,-1.0
2459,-1.0
2460,-1.0
2461,-1.0
2462,0.0
2463,-1.0
2464,2.0
2465,1.0
2466,-1.0
2467,0.0
2468,-1.0
2469,1.0
2470,-2.0
2471,-11.0
2472,0.0
2473,0.0
2474,-12.0
2475,2.0
2476,-2.0
2477,-1.0
2478,-1.0
2479,-16.0
2480,0.0
2481,1.0
2482,0.0
2483,6.0
2484,-1.0
2485,6.0
2486,-1.0
2487,2.0
2488,19.0
2489,-13.0
2490,10.0
2491,-8.0
2492,0.0
2493,1.0
2494,3.0
2495,0.0
2496,-2.0
2497,-1.0
2498,-6.0
2499,0.0
2500,-2.0
2501,1.0
2502,0.0
2503,0.0
2504,0.0
2505,-3.0
2506,-1.0
2507,2.0
2508,2.0
2509,9.0
2510,-5.0
2511,-4.0
2512,1.0
2513,-6.0
2514,0.0
2515,1.0
2516,0.0
2517,10.0
2518,-2.0
2519,-2.0
2520,0.0
2521,-2.0
2522,1.0
2523,-1.0
2524,1.0
2525,-1.0
2526,-1.0
2527,5.0
2528,0.0
2529,0.0
2530,-1.0
2531,0.0
2532,-1.0
2533,2.0
2534,0.0
2535,8.0
2536,0.0
2537,0.0
2538,-1.0
2539,-1.0
2540,2.0
2541,-1.0
2542,-1.0
2543,0.0
2544,-3.0
2545,0.0
2546,-1.0
2547,0.0
2548,0.0
2549,5.0
2550,-5.0
2551,-2.0
2552,0.0
2553,-1.0
2554,-21.0
2555,-1.0
2556,0.0
2557,-2.0
2558,1.0
2559,7.0
2560,-1.0
2561,0.0
2562,-3.0
2563,-1.0
2564,3.0
2565,2.0
2566,1.0
2567,-1.0
2568,-1.0
2569,0.0
2570,0.0
2571,-5.0
2572,-2.0
2573,-1.0
2574,0.0
2575,0.0
2576,-3.0
2577,-1.0
2578,0.0
2579,3.0
2580,0.0
2581,-1.0
2582,-1.0
2583,0.0
2584,0.0
2585,0.0
2586,-3.0
2587,-2.0
2588,1.0
2589,6.0
2590,4.0
2591,-1.0
2592,0.0
2593,-1.0
2594,-5.0
2595,11.0
2596,-2.0
2597,-1.0
2598,2.0
2599,-3.0
2600,1.0
2601,-1.0
2602,-1.0
2603,-5.0
2604,0.0
2605,-2.0
2606,4.0
2607,0.0
2608,-1.0
2609,0.0
2610,0.0
2611,1.0
2612,-1.0
2613,1.0
2614,1.0
2615,-9.0
2616,-2.0
2617,2.0
2618,1.0
2619,1.0
2620,0.0
2621,-14.0
2622,-1.0
2623,0.0
2624,-1.0
2625,1.0
2626,-1.0
2627,-1.0
2628,-6.0
2629,-3.0
2630,4.0
2631,-3.0
2632,2.0
2633,-2.0
2634,-10.0
2635,0.0
2636,0.0
2637,-3.0
2638,-5.0
2639,0.0
2640,0.0
2641,-16.0
2642,-1.0
2643,0.0
2644,-1.0
2645,-1.0
2646,-3.0
2647,-1.0
2648,2.0
2649,-1.0
2650,0.0
2651,0.0
2652,-3.0
2653,1.0
2654,0.0
2655,-3.0
2656,0.0
2657,0.0
2658,-2.0
2659,0.0
2660,-13.0
2661,2.0
2662,-12.0
2663,1.0
2664,-2.0
2665,0.0
2666,-1.0
2667,3.0
2668,1.0
2669,4.0
2670,2.0
2671,0.0
2672,-1.0
2673,-17.0
2674,1.0
2675,-1.0
2676,-15.0
2677,8.0
2678,1.0
2679,2.0
2680,6.0
2681,-1.0
2682,6.0
2683,-1.0
2684,0.0
2685,-1.0
2686,0.0
2687,-1.0
2688,-1.0
2689,1.0
2690,-1.0
2691,0.0
2692,-2.0
2693,9.0
2694,-1.0
2695,-2.0
2696,0.0
2697,-3.0
2698,1.0
2699,-1.0
2700,1.0
2701,2.0
2702,-1.0
2703,0.0
2704,0.0
2705,0.0
2706,0.0
2707,4.0
2708,2.0
2709,0.0
2710,-1.0
2711,5.0
2712,1.0
2713,-2.0
2714,8.0
2715,-1.0
2716,-1.0
2717,2.0
2718,-1.0
2719,-1.0
2720,0.0
2721,-1.0
2722,1.0
2723,0.0
2724,-1.0
2725,-1.0
2726,-1.0
2727,0.0
2728,0.0
2729,-3.0
2730,2.0
2731,3.0
2732,0.0
2733,-7.0
2734,-3.0
2735,-1.0
2736,-3.0
2737,0.0
2738,-1.0
2739,-1.0
2740,-24.0
2741,0.0
2742,-25.0
2743,-1.0
2744,-2.0
2745,1.0
2746,-1.0
2747,0.0
2748,-2.0
2749,0.0
2750,-4.0
2751,-2.0
2752,-2.0
2753,-1.0
2754,-2.0
2755,-1.0
2756,-2.0
2757,0.0
2758,7.0
2759,3.0
2760,5.0
2761,0.0
2762,0.0
2763,0.0
2764,-14.0
2765,-2.0
2766,0.0
2767,-5.0
2768,1.0
2769,-10.0
2770,4.0
2771,0.0
2772,0.0
2773,0.0
2774,2.0
2775,0.0
2776,0.0
2777,-1.0
2778,-2.0
2779,0.0
2780,-1.0
2781,8.0
2782,-10.0
2783,-12.0
2784,6.0
2785,-1.0
2786,-2.0
2787,-1.0
2788,-10.0
2789,1.0
2790,-1.0
2791,-1.0
2792,0.0
2793,4.0
2794,0.0
2795,0.0
2796,-1.0
2797,0.0
2798,1.0
2799,-1.0
2800,1.0
2801,-10.0
2802,1.0
2803,0.0
2804,0.0
2805,2.0
2806,0.0
2807,0.0
2808,-7.0
2809,-3.0
2810,1.0
2811,0.0
2812,-19.0
2813,-2.0
2814,1.0
2815,-1.0
2816,0.0
2817,5.0
2818,0.0
2819,0.0
2820,9.0
2821,-1.0
2822,0.0
2823,0.0
2824,0.0
2825,0.0
2826,0.0
2827,-1.0
2828,0.0
2829,3.0
2830,9.0
2831,-11.0
2832,-1.0
2833,-1.0
2834,-1.0
2835,-5.0
2836,-1.0
2837,8.0
2838,-2.0
2839,-1.0
2840,1.0
2841,0.0
2842,0.0
2843,10.0
2844,0.0
2845,0.0
2846,-1.0
2847,0.0
2848,6.0
2849,0.0
2850,-1.0
2851,6.0
2852,0.0
2853,0.0
2854,0.0
2855,6.0
2856,5.0
2857,0.0
2858,-2.0
2859,-2.0
2860,1.0
2861,-2.0
2862,6.0
2863,1.0
2864,0.0
2865,2.0
2866,-1.0
2867,0.0
2868,0.0
2869,5.0
2870,-2.0
2871,-1.0
2872,3.0
2873,1.0
2874,-2.0
2875,0.0
2876,1.0
2877,2.0
2878,2.0
2879,3.0
2880,0.0
2881,0.0
2882,2.0
2883,-3.0
2884,-1.0
2885,-1.0
2886,-7.0
2887,7.0
2888,-1.0
2889,0.0
2890,1.0
2891,1.0
2892,-1.0
2893,-4.0
2894,2.0
2895,-8.0
2896,0.0
2897,-1.0
2898,0.0
2899,-1.0
2900,-1.0
2901,0.0
2902,0.0
2903,0.0
2904,5.0
2905,0.0
2906,-2.0
2907,-1.0
2908,-4.0
2909,0.0
2910,-1.0
2911,3.0
2912,7.0
2913,0.0
2914,0.0
2915,-2.0
2916,-1.0
2917,11.0
2918,-1.0
2919,-4.0
2920,-1.0
2921,-1.0
2922,-1.0
2923,-5.0
2924,-8.0
2925,-1.0
2926,-8.0
2927,4.0
2928,-1.0
2929,-1.0
2930,-6.0
2931,0.0
2932,0.0
2933,-3.0
2934,0.0
2935,1.0
2936,-1.0
2937,-7.0
2938,1.0
2939,0.0
2940,0.0
2941,0.0
2942,-1.0
2943,-1.0
2944,5.0
2945,-1.0
2946,1.0
2947,-1.0
2948,1.0
2949,0.0
2950,-1.0
2951,0.0
2952,0.0
2953,0.0
2954,-2.0
2955,0.0
2956,0.0
2957,-1.0
2958,0.0
2959,-7.0
2960,-4.0
2961,0.0
2962,-7.0
2963,3.0
2964,1.0
2965,0.0
2966,-2.0
2967,0.0
2968,-1.0
2969,0.0
2970,0.0
2971,15.0
2972,-1.0
2973,0.0
2974,0.0
2975,-1.0
2976,0.0
2977,7.0
2978,0.0
2979,2.0
2980,0.0
2981,2.0
2982,-10.0
2983,9.0
2984,-1.0
2985,2.0
2986,0.0
2987,2.0
2988,-3.0
2989,1.0
2990,2.0
2991,0.0
2992,0.0
2993,-8.0
2994,-1.0
2995,-1.0
2996,9.0
2997,-1.0
2998,-1.0
2999,0.0
3000,-1.0
3001,0.0
3002,-29.0
3003,-1.0
3004,0.0
3005,4.0
3006,-2.0
3007,0.0
3008,-1.0
3009,3.0
3010,-6.0
3011,-10.0
3012,-1.0
3013,5.0
3014,0.0
3015,2.0
3016,-1.0
3017,-3.0
3018,0.0
3019,6.0
3020,-1.0
3021,-2.0
3022,3.0
3023,-1.0
3024,0.0
3025,0.0
3026,0.0
3027,0.0
3028,0.0
3029,0.0
3030,0.0
3031,-8.0
3032,1.0
3033,0.0
3034,11.0
3035,-3.0
3036,0.0
3037,-4.0
3038,-1.0
3039,-1.0
3040,0.0
3041,0.0
3042,-1.0
3043,0.0
3044,2.0
3045,0.0
3046,-3.0
3047,-1.0
3048,-6.0
3049,-1.0
3050,0.0
3051,-11.0
3052,-1.0
3053,3.0
3054,9.0
3055,0.0
3056,-1.0
3057,6.0
3058,0.0
3059,7.0
3060,0.0
3061,6.0
3062,-21.0
3063,-1.0
3064,1.0
3065,-27.0
3066,-11.0
3067,5.0
3068,0.0
3069,-1.0
3070,-2.0
3071,-1.0
3072,-3.0
3073,-9.0
3074,-2.0
3075,-1.0
3076,-1.0
3077,-9.0
3078,0.0
3079,1.0
3080,0.0
3081,0.0
3082,0.0
3083,-9.0
3084,13.0
3085,1.0
3086,-1.0
3087,-1.0
3088,0.0
3089,-1.0
3090,0.0
3091,0.0
3092,-2.0
3093,-2.0
3094,0.0
3095,1.0
3096,0.0
3097,-1.0
3098,0.0
3099,-1.0
3100,0.0
3101,1.0
3102,8.0
3103,0.0
3104,0.0
3105,-3.0
3106,-3.0
3107,-1.0
3108,-1.0
3109,-3.0
3110,-1.0
3111,0.0
3112,0.0
3113,0.0
3114,-1.0
3115,1.0
3116,0.0
3117,-1.0
3118,0.0
3119,0.0
3120,0.0
3121,-1.0
3122,12.0
3123,1.0
3124,0.0
3125,1.0
3126,0.0
3127,0.0
3128,0.0
3129,2.0
3130,-2.0
3131,-1.0
3132,0.0
3133,-10.0
3134,9.0
3135,-2.0
3136,-2.0
3137,0.0
3138,-1.0
3139,-1.0
3140,0.0
3141,-1.0
3142,-2.0
3143,0.0
3144,0.0
3145,-1.0
3146,5.0
3147,9.0
3148,0.0
3149,6.0
3150,7.0
3151,0.0
3152,1.0
3153,11.0
3154,-1.0
3155,0.0
3156,2.0
3157,0.0
3158,2.0
3159,3.0
3160,0.0
3161,1.0
3162,-8.0
3163,-1.0
3164,-2.0
3165,0.0
3166,0.0
3167,0.0
3168,0.0
3169,2.0
3170,-1.0
3171,-12.0
3172,-14.0
3173,0.0
3174,0.0
3175,0.0
3176,-1.0
3177,5.0
3178,0.0
3179,0.0
3180,-1.0
3181,-1.0
3182,0.0
3183,-1.0
3184,0.0
3185,2.0
3186,0.0
3187,-2.0
3188,-17.0
3189,1.0
3190,0.0
3191,2.0
3192,1.0
3193,0.0
3194,0.0
3195,-1.0
3196,-1.0
3197,8.0
3198,-1.0
3199,-1.0
3200,0.0
3201,-1.0
3202,0.0
3203,0.0
3204,0.0
3205,0.0
3206,0.0
3207,1.0
3208,-1.0
3209,-1.0
3210,-1.0
3211,1.0
3212,-1.0
3213,-9.0
3214,0.0
3215,-2.0
3216,1.0
3217,0.0
3218,-3.0
3219,1.0
3220,0.0
3221,-2.0
3222,0.0
3223,-6.0
3224,-1.0
3225,0.0
3226,-1.0
3227,0.0
3228,-1.0
3229,0.0
3230,-3.0
3231,1.0
3232,-1.0
3233,3.0
3234,-1.0
3235,0.0
3236,0.0
3237,-1.0
3238,-2.0
3239,9.0
3240,2.0
3241,-1.0
3242,-6.0
3243,0.0
3244,6.0
3245,-1.0
3246,0.0
3247,2.0
3248,-13.0
3249,1.0
3250,0.0
3251,16.0
3252,-3.0
3253,2.0
3254,1.0
3255,2.0
3256,1.0
3257,2.0
3258,-2.0
3259,-1.0
3260,-3.0
3261,0.0
3262,-1.0
3263,0.0
3264,-1.0
3265,3.0
3266,-6.0
3267,0.0
3268,-1.0
3269,-16.0
3270,2.0
3271,1.0
3272,-1.0
3273,-1.0
3274,0.0
3275,-4.0
3276,0.0
3277,0.0
3278,0.0
3279,2.0
3280,0.0
3281,3.0
3282,1.0
3283,4.0
3284,0.0
3285,-1.0
3286,-1.0
3287,0.0
3288,0.0
3289,-2.0
3290,-1.0
3291,-1.0
3292,-1.0
3293,0.0
3294,-2.0
3295,3.0
3296,0.0
3297,-1.0
3298,2.0
3299,0.0
3300,-1.0
3301,3.0
3302,-5.0
3303,0.0
3304,-13.0
3305,1.0
3306,-1.0
3307,0.0
3308,0.0
3309,0.0
3310,-2.0
3311,1.0
3312,1.0
3313,2.0
3314,0.0
3315,-5.0
3316,-5.0
3317,-1.0
3318,0.0
3319,0.0
3320,10.0
3321,-1.0
3322,1.0
3323,1.0
3324,0.0
3325,-2.0
3326,-4.0
3327,-18.0
3328,4.0
3329,-1.0
3330,1.0
3331,2.0
3332,0.0
3333,-1.0
3334,1.0
3335,0.0
3336,5.0
3337,2.0
3338,-1.0
3339,0.0
3340,-1.0
3341,1.0
3342,-1.0
3343,-1.0
3344,0.0
3345,1.0
3346,-1.0
3347,15.0
3348,-1.0
3349,3.0
3350,0.0
3351,-2.0
3352,-1.0
3353,-1.0
3354,1.0
3355,7.0
3356,0.0
3357,0.0
3358,1.0
3359,-11.0
3360,-9.0
3361,-1.0
3362,1.0
3363,1.0
3364,-1.0
3365,-3.0
3366,-1.0
3367,-1.0
3368,0.0
3369,0.0
3370,-1.0
3371,0.0
3372,-8.0
3373,-3.0
3374,5.0
3375,1.0
3376,-1.0
3377,1.0
3378,-2.0
3379,4.0
3380,1.0
3381,-1.0
3382,0.0
3383,0.0
3384,0.0
3385,-13.0
3386,-1.0
3387,-1.0
3388,-1.0
3389,2.0
3390,0.0
3391,2.0
3392,-1.0
3393,-1.0
3394,-1.0
3395,0.0
3396,-2.0
3397,-3.0
3398,0.0
3399,-3.0
3400,-3.0
3401,2.0
3402,-4.0
3403,1.0
3404,3.0
3405,-2.0
3406,-1.0
3407,0.0
3408,-1.0
3409,-4.0
3410,0.0
3411,0.0
3412,-1.0
3413,-2.0
3414,1.0
3415,0.0
3416,1.0
3417,0.0
3418,-11.0
3419,-1.0
3420,2.0
3421,0.0
3422,-1.0
3423,-5.0
3424,-1.0
3425,0.0
3426,-17.0
3427,0.0
3428,-2.0
3429,0.0
3430,0.0
3431,1.0
3432,-1.0
3433,5.0
3434,0.0
3435,0.0
3436,-1.0
3437,-3.0
3438,3.0
3439,-3.0
3440,2.0
3441,-1.0
3442,1.0
3443,-16.0
3444,0.0
3445,-6.0
3446,0.0
3447,0.0
3448,0.0
3449,0.0
3450,-6.0
3451,-1.0
3452,-2.0
3453,-2.0
3454,3.0
3455,-1.0
3456,5.0
3457,0.0
3458,-1.0
3459,0.0
3460,0.0
3461,0.0
3462,0.0
3463,-26.0
3464,0.0
3465,0.0
3466,0.0
3467,-1.0
3468,-20.0
3469,-1.0
3470,5.0
3471,0.0
3472,0.0
3473,-1.0
3474,-1.0
3475,0.0
3476,0.0
3477,-2.0
3478,2.0
3479,-3.0
3480,5.0
3481,-1.0
3482,0.0
3483,-1.0
3484,-1.0
3485,0.0
3486,1.0
3487,-3.0
3488,0.0
3489,-1.0
3490,-1.0
3491,3.0
3492,0.0
3493,-1.0
3494,-2.0
3495,-1.0
3496,0.0
3497,0.0
3498,0.0
3499,2.0
3500,-1.0
3501,-2.0
3502,0.0
3503,-5.0
3504,5.0
3505,0.0
3506,1.0
3507,-1.0
3508,-7.0
3509,1.0
3510,0.0
3511,0.0
3512,-4.0
3513,0.0
3514,-14.0
3515,5.0
3516,0.0
3517,1.0
3518,-10.0
3519,-1.0
3520,0.0
3521,4.0
3522,-3.0
3523,-1.0
3524,2.0
3525,-1.0
3526,-1.0
3527,2.0
3528,-1.0
3529,-1.0
3530,-2.0
3531,-2.0
3532,4.0
3533,-2.0
3534,0.0
3535,0.0
3536,0.0
3537,0.0
3538,0.0
3539,-1.0
3540,-2.0
3541,0.0
3542,0.0
3543,-23.0
3544,0.0
3545,-1.0
3546,1.0
3547,-1.0
3548,0.0
3549,3.0
3550,1.0
3551,0.0
3552,-3.0
3553,0.0
3554,0.0
3555,1.0
3556,0.0
3557,-3.0
3558,0.0
3559,1.0
3560,-2.0
3561,0.0
3562,0.0
3563,0.0
3564,0.0
3565,0.0
3566,6.0
3567,-2.0
3568,-1.0
3569,1.0
3570,3.0
3571,0.0
3572,0.0
3573,0.0
3574,0.0
3575,0.0
3576,-1.0
3577,-1.0
3578,-4.0
3579,-1.0
3580,0.0
3581,0.0
3582,-1.0
3583,0.0
3584,0.0
3585,6.0
3586,0.0
3587,-5.0
3588,0.0
3589,0.0
3590,-1.0
3591,0.0
3592,0.0
3593,-1.0
3594,-5.0
3595,1.0
3596,0.0
3597,0.0
3598,0.0
3599,1.0
3600,-2.0
3601,0.0
3602,1.0
3603,-3.0
3604,-4.0
3605,14.0
3606,1.0
3607,-3.0
3608,-2.0
3609,3.0
3610,-1.0
3611,-1.0
3612,-1.0
3613,-1.0
3614,-1.0
3615,0.0
3616,0.0
3617,0.0
3618,-1.0
3619,-1.0
3620,-1.0
3621,0.0
3622,-1.0
3623,0.0
3624,-3.0
3625,-1.0
3626,1.0
3627,-1.0
3628,1.0
3629,0.0
3630,-1.0
3631,0.0
3632,-1.0
3633,2.0
3634,-1.0
3635,0.0
3636,-1.0
3637,-8.0
3638,6.0
3639,-1.0
3640,1.0
3641,-1.0
3642,16.0
3643,4.0
3644,-1.0
3645,1.0
3646,1.0
3647,-2.0
3648,-12.0
3649,-1.0
3650,3.0
3651,-1.0
3652,-1.0
3653,1.0
3654,-7.0
3655,0.0
3656,-38.0
3657,-2.0
3658,-4.0
3659,5.0
3660,0.0
3661,-1.0
3662,-1.0
3663,7.0
3664,0.0
3665,0.0
3666,-8.0
3667,-1.0
3668,-2.0
3669,-3.0
3670,13.0
3671,0.0
3672,-1.0
3673,0.0
3674,-1.0
3675,5.0
3676,2.0
3677,-1.0
3678,2.0
3679,1.0
3680,5.0
3681,0.0
3682,-2.0
3683,11.0
3684,1.0
3685,1.0
3686,-1.0
3687,0.0
3688,-8.0
3689,0.0
3690,-1.0
3691,0.0
3692,0.0
3693,2.0
3694,-16.0
3695,0.0
3696,-1.0
3697,1.0
3698,0.0
3699,-17.0
3700,2.0
3701,-1.0
3702,-1.0
3703,-2.0
3704,-1.0
3705,-1.0
3706,0.0
3707,18.0
3708,-1.0
3709,-1.0
3710,5.0
3711,-1.0
3712,1.0
3713,0.0
3714,6.0
3715,-1.0
3716,1.0
3717,-2.0
3718,0.0
3719,4.0
3720,0.0
3721,-23.0
3722,0.0
3723,-1.0
3724,-1.0
3725,7.0
3726,0.0
3727,-3.0
3728,0.0
3729,-1.0
3730,-7.0
3731,0.0
3732,-1.0
3733,1.0
3734,-1.0
3735,0.0
3736,-1.0
3737,13.0
3738,0.0
3739,2.0
3740,0.0
3741,2.0
3742,-1.0
3743,-3.0
3744,0.0
3745,0.0
3746,-13.0
3747,2.0
3748,-4.0
3749,-1.0
3750,0.0
3751,0.0
3752,-10.0
3753,1.0
3754,0.0
3755,-10.0
3756,-4.0
3757,-1.0
3758,-1.0
3759,1.0
3760,1.0
3761,0.0
3762,0.0
3763,0.0
3764,-2.0
3765,-2.0
3766,1.0
3767,2.0
3768,0.0
3769,-1.0
3770,2.0
3771,0.0
3772,0.0
3773,-1.0
3774,-5.0
3775,-3.0
3776,-9.0
3777,0.0
3778,-1.0
3779,-1.0
3780,1.0
3781,-1.0
3782,0.0
3783,1.0
3784,0.0
3785,0.0
3786,0.0
3787,-2.0
3788,0.0
3789,0.0
3790,0.0
3791,0.0
3792,-2.0
3793,1.0
3794,1.0
3795,-1.0
3796,-6.0
3797,-1.0
3798,-1.0
3799,0.0
3800,1.0
3801,-3.0
3802,-1.0
3803,-3.0
3804,0.0
3805,-3.0
3806,-2.0
3807,-1.0
3808,-3.0
3809,-1.0
3810,0.0
3811,0.0
3812,-1.0
3813,0.0
3814,6.0
3815,0.0
3816,0.0
3817,-3.0
3818,-1.0
3819,0.0
3820,1.0
3821,-1.0
3822,-2.0
3823,0.0
3824,0.0
3825,1.0
3826,0.0
3827,-24.0
3828,0.0
3829,-3.0
3830,-2.0
3831,-17.0
3832,6.0
3833,-5.0
3834,4.0
3835,-1.0
3836,1.0
3837,8.0
3838,1.0
3839,0.0
3840,0.0
3841,0.0
3842,0.0
3843,-1.0
3844,8.0
3845,13.0
3846,-16.0
3847,0.0
3848,-1.0
3849,7.0
3850,2.0
3851,-13.0
3852,-1.0
3853,-1.0
3854,0.0
3855,-1.0
3856,0.0
3857,-5.0
3858,-1.0
3859,0.0
3860,-1.0
3861,0.0
3862,0.0
3863,-2.0
3864,0.0
3865,-8.0
3866,0.0
3867,0.0
3868,6.0
3869,-4.0
3870,2.0
3871,2.0
3872,-2.0
3873,-2.0
3874,-1.0
3875,0.0
3876,-1.0
3877,1.0
3878,-1.0
3879,-1.0
3880,0.0
3881,6.0
3882,-4.0
3883,-2.0
3884,1.0
3885,0.0
3886,0.0
3887,6.0
3888,2.0
3889,0.0
3890,0.0
3891,1.0
3892,-1.0
3893,-11.0
3894,0.0
3895,0.0
3896,-1.0
3897,8.0
3898,-4.0
3899,-1.0
3900,2.0
3901,1.0
3902,6.0
3903,-1.0
3904,0.0
3905,-1.0
3906,-1.0
3907,9.0
3908,-1.0
3909,0.0
3910,12.0
3911,-2.0
3912,0.0
3913,1.0
3914,-2.0
3915,-6.0
3916,-1.0
3917,1.0
3918,0.0
3919,-1.0
3920,-2.0
3921,1.0
3922,1.0
3923,-4.0
3924,-1.0
3925,-2.0
3926,-3.0
3927,-1.0
3928,-1.0
3929,-2.0
3930,0.0
3931,-2.0
3932,-2.0
3933,0.0
3934,0.0
3935,0.0
3936,0.0
3937,6.0
3938,-1.0
3939,0.0
3940,1.0
3941,1.0
3942,1.0
3943,-3.0
3944,-1.0
3945,-2.0
3946,-1.0
3947,2.0
3948,3.0
3949,-1.0
3950,-1.0
3951,-13.0
3952,-1.0
3953,-3.0
3954,-1.0
3955,-3.0
3956,-3.0
3957,-4.0
3958,10.0
3959,-1.0
3960,0.0
3961,-1.0
3962,-1.0
3963,0.0
3964,-1.0
3965,-23.0
3966,-2.0
3967,-1.0
3968,-1.0
3969,-1.0
3970,4.0
3971,0.0
3972,-1.0
3973,1.0
3974,0.0
3975,-30.0
3976,0.0
3977,-3.0
3978,-1.0
3979,-1.0
3980,1.0
3981,1.0
3982,0.0
3983,0.0
3984,0.0
3985,-1.0
3986,0.0
3987,0.0
3988,-1.0
3989,0.0
3990,3.0
3991,1.0
3992,1.0
3993,-4.0
3994,0.0
3995,8.0
3996,-1.0
3997,1.0
3998,-3.0
3999,0.0
4000,-6.0
4001,1.0
4002,2.0
4003,-2.0
4004,0.0
4005,2.0
4006,-1.0
4007,-2.0
4008,-4.0
4009,-1.0
4010,-1.0
4011,0.0
4012,-1.0
4013,-1.0
4014,1.0
4015,-1.0
4016,0.0
4017,0.0
4018,-2.0
4019,0.0
4020,-2.0
4021,-8.0
4022,-3.0
4023,-4.0
4024,14.0
4025,-2.0
4026,2.0
4027,3.0
4028,7.0
4029,-1.0
4030,0.0
4031,-4.0
4032,0.0
4033,0.0
4034,-2.0
4035,-2.0
4036,1.0
4037,0.0
4038,0.0
4039,0.0
4040,0.0
4041,-1.0
4042,-2.0
4043,0.0
4044,-1.0
4045,-5.0
4046,-2.0
4047,0.0
4048,-1.0
4049,0.0
4050,0.0
4051,0.0
4052,0.0
4053,1.0
4054,2.0
4055,8.0
4056,0.0
4057,-1.0
4058,5.0
4059,0.0
4060,-1.0
4061,-1.0
4062,0.0
4063,2.0
4064,1.0
4065,2.0
4066,0.0
4067,1.0
4068,0.0
4069,7.0
4070,2.0
4071,0.0
4072,0.0
4073,2.0
4074,1.0
4075,0.0
4076,-1.0
4077,0.0
4078,-1.0
4079,0.0
4080,-2.0
4081,3.0
4082,0.0
4083,1.0
4084,0.0
4085,0.0
4086,-1.0
4087,4.0
4088,-2.0
4089,0.0
4090,0.0
4091,-1.0
4092,-1.0
4093,5.0
4094,14.0
4095,-2.0
4096,-1.0
4097,-10.0
4098,0.0
4099,-1.0
4100,0.0
4101,0.0
4102,-7.0
4103,0.0
4104,8.0
4105,-8.0
4106,-16.0
4107,0.0
4108,-10.0
4109,-13.0
4110,-1.0
4111,0.0
4112,0.0
4113,-1.0
4114,-19.0
4115,0.0
4116,-6.0
4117,0.0
4118,-1.0
4119,0.0
4120,-1.0
4121,0.0
4122,0.0
4123,6.0
4124,-2.0
4125,-2.0
4126,-1.0
4127,0.0
4128,0.0
4129,-13.0
4130,0.0
4131,3.0
4132,-1.0
4133,0.0
4134,-1.0
4135,0.0
4136,1.0
4137,2.0
4138,-2.0
4139,1.0
4140,1.0
4141,0.0
4142,-1.0
4143,-5.0
4144,-5.0
4145,-1.0
4146,-5.0
4147,-1.0
4148,0.0
4149,-1.0
4150,1.0
4151,-1.0
4152,-7.0
4153,4.0
4154,-1.0
4155,-1.0
4156,-2.0
4157,-1.0
4158,20.0
4159,0.0
4160,1.0
4161,1.0
4162,-1.0
4163,-1.0
4164,-30.0
4165,0.0
4166,-1.0
4167,0.0
4168,-12.0
4169,-1.0
4170,0.0
4171,3.0
4172,-1.0
4173,-1.0
4174,0.0
4175,-1.0
4176,0.0
4177,3.0
4178,-3.0
4179,2.0
4180,-1.0
4181,-2.0
4182,-1.0
4183,-7.0
4184,1.0
4185,-2.0
4186,1.0
4187,-13.0
4188,-12.0
4189,5.0
4190,0.0
4191,-2.0
4192,0.0
4193,0.0
4194,11.0
4195,-19.0
4196,2.0
4197,-5.0
4198,1.0
4199,0.0
4200,1.0
4201,-1.0
4202,-13.0
4203,-1.0
4204,0.0
4205,0.0
4206,1.0
4207,-1.0
4208,0.0
4209,0.0
4210,-1.0
4211,-1.0
4212,-1.0
4213,-1.0
4214,-1.0
4215,0.0
4216,-1.0
4217,14.0
4218,-1.0
4219,-2.0
4220,0.0
4221,1.0
4222,-1.0
4223,-1.0
4224,10.0
4225,-2.0
4226,0.0
4227,-4.0
4228,-16.0
4229,0.0
4230,4.0
4231,0.0
4232,-6.0
4233,0.0
4234,5.0
4235,0.0
4236,0.0
4237,-1.0
4238,0.0
4239,-2.0
4240,-1.0
4241,2.0
4242,-1.0
4243,-1.0
4244,-1.0
4245,-1.0
4246,-1.0
4247,-1.0
4248,0.0
4249,-2.0
4250,0.0
4251,-1.0
4252,-1.0
4253,1.0
4254,0.0
4255,0.0
4256,0.0
4257,0.0
4258,3.0
4259,9.0
4260,-1.0
4261,5.0
4262,0.0
4263,0.0
4264,-1.0
4265,0.0
4266,-2.0
4267,14.0
4268,-1.0
4269,0.0
4270,-2.0
4271,-21.0
4272,0.0
4273,7.0
4274,2.0
4275,5.0
4276,0.0
4277,-1.0
4278,-3.0
4279,8.0
4280,0.0
4281,-1.0
4282,1.0
4283,0.0
4284,-1.0
4285,-1.0
4286,-1.0
4287,0.0
4288,2.0
4289,2.0
4290,-13.0
4291,0.0
4292,9.0
4293,-1.0
4294,0.0
4295,-1.0
4296,-1.0
4297,1.0
4298,3.0
4299,0.0
4300,-4.0
4301,1.0
4302,-2.0
4303,0.0
4304,-4.0
4305,-1.0
4306,2.0
4307,8.0
4308,2.0
4309,-1.0
4310,1.0
4311,-1.0
4312,0.0
4313,6.0
4314,-2.0
4315,-1.0
4316,-2.0
4317,-1.0
4318,0.0
4319,-2.0
4320,0.0
4321,1.0
4322,-2.0
4323,0.0
4324,0.0
4325,1.0
4326,-1.0
4327,-1.0
4328,-1.0
4329,-2.0
4330,4.0
4331,0.0
4332,0.0
4333,0.0
4334,1.0
4335,0.0
4336,0.0
4337,0.0
4338,-1.0
4339,-1.0
4340,0.0
4341,-1.0
4342,0.0
4343,1.0
4344,0.0
4345,-1.0
4346,1.0
4347,-1.0
4348,2.0
4349,1.0
4350,0.0
4351,1.0
4352,1.0
4353,19.0
4354,2.0
4355,0.0
4356,1.0
4357,0.0
4358,-1.0
4359,-1.0
4360,0.0
4361,0.0
4362,2.0
4363,0.0
4364,-1.0
4365,-8.0
4366,0.0
4367,1.0
4368,0.0
4369,-4.0
4370,0.0
4371,-3.0
4372,-1.0
4373,-4.0
4374,0.0
4375,0.0
4376,-1.0
4377,7.0
4378,-1.0
4379,10.0
4380,4.0
4381,-1.0
4382,-3.0
4383,-2.0
4384,-2.0
4385,-1.0
4386,-28.0
4387,-1.0
4388,0.0
4389,0.0
4390,-9.0
4391,1.0
4392,-4.0
4393,0.0
4394,0.0
4395,-1.0
4396,0.0
4397,-1.0
4398,1.0
4399,-1.0
4400,0.0
4401,0.0
4402,0.0
4403,-10.0
4404,-3.0
4405,-1.0
4406,0.0
4407,2.0
4408,-1.0
4409,-11.0
4410,-1.0
4411,0.0
4412,-16.0
4413,-1.0
4414,-1.0
4415,2.0
4416,-4.0
4417,-2.0
4418,-1.0
4419,1.0
4420,-1.0
4421,0.0
4422,-3.0
4423,-1.0
4424,-23.0
4425,4.0
4426,0.0
4427,-2.0
4428,1.0
4429,-4.0
4430,-1.0
4431,0.0
4432,-1.0
4433,-2.0
4434,2.0
4435,-1.0
4436,0.0
4437,-1.0
4438,1.0
4439,-1.0
4440,0.0
4441,1.0
4442,-1.0
4443,-3.0
4444,0.0
4445,17.0
4446,0.0
4447,6.0
4448,0.0
4449,-1.0
4450,0.0
4451,0.0
4452,-2.0
4453,2.0
4454,-1.0
4455,-1.0
4456,-18.0
4457,-2.0
4458,-2.0
4459,-1.0
4460,0.0
4461,-5.0
4462,-1.0
4463,0.0
4464,7.0
4465,-4.0
4466,18.0
4467,0.0
4468,-1.0
4469,-1.0
4470,1.0
4471,-1.0
4472,8.0
4473,0.0
4474,8.0
4475,0.0
4476,-1.0
4477,0.0
4478,1.0
4479,0.0
4480,-1.0
4481,0.0
4482,-2.0
4483,0.0
4484,0.0
4485,0.0
4486,-3.0
4487,-1.0
4488,-1.0
4489,-3.0
4490,-2.0
4491,0.0
4492,0.0
4493,-21.0
4494,-1.0
4495,0.0
4496,1.0
4497,-2.0
4498,0.0
4499,-4.0
4500,0.0
4501,2.0
4502,11.0
4503,-12.0
4504,-3.0
4505,0.0
4506,3.0
4507,-35.0
4508,0.0
4509,0.0
4510,2.0
4511,-1.0
4512,1.0
4513,-1.0
4514,0.0
4515,0.0
4516,2.0
4517,1.0
4518,-3.0
4519,0.0
4520,3.0
4521,0.0
4522,0.0
4523,-1.0
4524,-3.0
4525,-1.0
4526,1.0
4527,0.0
4528,-1.0
4529,0.0
4530,-1.0
4531,0.0
4532,0.0
4533,-2.0
4534,0.0
4535,0.0
4536,1.0
4537,-3.0
4538,0.0
4539,-1.0
4540,0.0
4541,-2.0
4542,-1.0
4543,-12.0
4544,2.0
4545,0.0
4546,3.0
4547,2.0
4548,1.0
4549,-2.0
4550,0.0
4551,12.0
4552,-2.0
4553,-24.0
4554,0.0
4555,2.0
4556,-4.0
4557,0.0
4558,0.0
4559,2.0
4560,-3.0
4561,-1.0
4562,-1.0
4563,0.0
4564,-1.0
4565,0.0
4566,0.0
4567,-6.0
4568,-1.0
4569,-1.0
4570,0.0
4571,2.0
4572,2.0
4573,-4.0
4574,0.0
4575,-9.0
4576,-1.0
4577,-7.0
4578,-1.0
4579,4.0
4580,-1.0
4581,0.0
4582,0.0
4583,-3.0
4584,0.0
4585,-14.0
4586,1.0
4587,0.0
4588,-12.0
4589,0.0
4590,-1.0
4591,-1.0
4592,0.0
4593,0.0
4594,-2.0
4595,1.0
4596,-12.0
4597,6.0
4598,7.0
4599,4.0
4600,-1.0
4601,-1.0
4602,0.0
4603,0.0
4604,-3.0
4605,-3.0
4606,-1.0
4607,-1.0
4608,-5.0
4609,0.0
4610,14.0
4611,0.0
4612,0.0
4613,0.0
4614,0.0
4615,-3.0
4616,14.0
4617,0.0
4618,-4.0
4619,9.0
4620,0.0
4621,1.0
4622,-2.0
4623,9.0
4624,-1.0
4625,-1.0
4626,0.0
4627,0.0
4628,0.0
4629,-1.0
4630,0.0
4631,2.0
4632,1.0
4633,0.0
4634,0.0
4635,1.0
4636,-1.0
4637,0.0
4638,1.0
4639,-3.0
4640,2.0
4641,-2.0
4642,-10.0
4643,0.0
4644,0.0
4645,0.0
4646,-1.0
4647,1.0
4648,-2.0
4649,0.0
4650,0.0
4651,4.0
4652,-23.0
4653,2.0
4654,0.0
4655,-9.0
4656,0.0
4657,0.0
4658,-1.0
4659,-1.0
4660,-4.0
4661,1.0
4662,0.0
4663,0.0
4664,3.0
4665,0.0
4666,1.0
4667,-1.0
4668,0.0
4669,0.0
4670,0.0
4671,-3.0
4672,8.0
4673,1.0
4674,7.0
4675,-1.0
4676,0.0
4677,-1.0
4678,-1.0
4679,-1.0
4680,0.0
4681,-3.0
4682,-1.0
4683,-1.0
4684,-2.0
4685,2.0
4686,-1.0
4687,2.0
4688,0.0
4689,-3.0
4690,-12.0
4691,0.0
4692,0.0
4693,1.0
4694,-12.0
4695,0.0
4696,-2.0
4697,0.0
4698,-1.0
4699,-1.0
4700,-2.0
4701,0.0
4702,-1.0
4703,0.0
4704,1.0
4705,-2.0
4706,-1.0
4707,0.0
4708,0.0
4709,-2.0
4710,0.0
4711,-1.0
4712,1.0
4713,-1.0
4714,-1.0
4715,0.0
4716,-1.0
4717,1.0
4718,0.0
4719,2.0
4720,0.0
4721,-5.0
4722,-1.0
4723,0.0
4724,0.0
4725,-4.0
4726,0.0
4727,-1.0
4728,0.0
4729,0.0
4730,-2.0
4731,-1.0
4732,0.0
4733,-19.0
4734,1.0
4735,3.0
4736,0.0
4737,0.0
4738,3.0
4739,2.0
4740,-1.0
4741,0.0
4742,-1.0
4743,5.0
4744,-2.0
4745,0.0
4746,0.0
4747,-1.0
4748,-1.0
4749,0.0
4750,0.0
4751,1.0
4752,0.0
4753,1.0
4754,0.0
4755,1.0
4756,0.0
4757,2.0
4758,3.0
4759,0.0
4760,-1.0
4761,-10.0
4762,-1.0
4763,0.0
4764,0.0
4765,0.0
4766,0.0
4767,0.0
4768,-1.0
4769,-2.0
4770,0.0
4771,-1.0
4772,5.0
4773,0.0
4774,13.0
4775,-1.0
4776,0.0
4777,1.0
4778,0.0
4779,14.0
4780,0.0
4781,1.0
4782,1.0
4783,-1.0
4784,0.0
4785,-1.0
4786,0.0
4787,1.0
4788,-3.0
4789,1.0
4790,2.0
4791,-4.0
4792,-1.0
4793,1.0
4794,-1.0
4795,0.0
4796,1.0
4797,-1.0
4798,-1.0
4799,5.0
4800,-1.0
4801,0.0
4802,3.0
4803,-1.0
4804,-6.0
4805,0.0
4806,-2.0
4807,0.0
4808,-7.0
4809,9.0
4810,0.0
4811,1.0
4812,1.0
4813,0.0
4814,-3.0
4815,-2.0
4816,-1.0
4817,0.0
4818,-1.0
4819,0.0
4820,0.0
4821,-2.0
4822,0.0
4823,3.0
4824,-1.0
4825,-4.0
4826,-1.0
4827,0.0
4828,-1.0
4829,-3.0
4830,3.0
4831,-9.0
4832,-13.0
4833,3.0
4834,0.0
4835,-6.0
4836,0.0
4837,1.0
4838,0.0
4839,-1.0
4840,-1.0
4841,0.0
4842,-1.0
4843,2.0
4844,14.0
4845,2.0
4846,-2.0
4847,0.0
4848,-1.0
4849,1.0
4850,1.0
4851,0.0
4852,6.0
4853,0.0
4854,0.0
4855,3.0
4856,-21.0
4857,-2.0
4858,-3.0
4859,3.0
4860,0.0
4861,0.0
4862,-12.0
4863,-1.0
4864,0.0
4865,-2.0
4866,-3.0
4867,0.0
4868,1.0
4869,-17.0
4870,2.0
4871,-1.0
4872,0.0
4873,-2.0
4874,5.0
4875,-18.0
4876,-20.0
4877,-2.0
4878,-20.0
4879,2.0
4880,0.0
4881,-1.0
4882,-1.0
4883,-3.0
4884,0.0
4885,1.0
4886,-1.0
4887,0.0
4888,1.0
4889,-1.0
4890,1.0
4891,-9.0
4892,0.0
4893,-5.0
4894,-1.0
4895,8.0
4896,0.0
4897,0.0
4898,0.0
4899,1.0
4900,0.0
4901,0.0
4902,2.0
4903,-1.0
4904,-4.0
4905,0.0
4906,-9.0
4907,1.0
4908,1.0
4909,0.0
4910,5.0
4911,0.0
4912,0.0
4913,0.0
4914,1.0
4915,0.0
4916,-14.0
4917,-14.0
4918,0.0
4919,1.0
4920,-1.0
4921,1.0
4922,7.0
4923,2.0
4924,-1.0
4925,-18.0
4926,0.0
4927,-1.0
4928,-2.0
4929,0.0
4930,0.0
4931,-1.0
4932,-2.0
4933,-12.0
4934,-5.0
4935,1.0
4936,-6.0
4937,-1.0
4938,-1.0
4939,1.0
4940,-1.0
4941,5.0
4942,0.0
4943,-3.0
4944,0.0
4945,2.0
4946,1.0
4947,5.0
4948,-2.0
4949,9.0
4950,0.0
4951,0.0
4952,0.0
4953,0.0
4954,1.0
4955,-3.0
4956,-1.0
4957,-1.0
4958,0.0
4959,-2.0
4960,0.0
4961,0.0
4962,3.0
4963,-25.0
4964,0.0
4965,0.0
4966,-6.0
4967,0.0
4968,3.0
4969,-1.0
4970,-2.0
4971,-2.0
4972,1.0
4973,-1.0
4974,-2.0
4975,-1.0
4976,-3.0
4977,-2.0
4978,0.0
4979,10.0
4980,-14.0
4981,-11.0
4982,0.0
4983,0.0
4984,0.0
4985,-1.0
4986,1.0
4987,-2.0
4988,1.0
4989,5.0
4990,-5.0
4991,7.0
4992,0.0
4993,1.0
4994,2.0
4995,-1.0
4996,1.0
4997,-3.0
4998,0.0
4999,-5.0
5000,0.0
